circRNA_ID	chr	circRNA_start	circRNA_end	circRNA_type	dataset
chr1:14095613|14099683	chr1	14095613	14099683	exon	GBM classical
chr1:114372214|114377615	chr1	114372214	114377615	exon	GBM classical
chr1:183083666|183084772	chr1	183083666	183084772	exon	GBM classical
chr1:202878138|202880331	chr1	202878138	202880331	exon	GBM classical
chr1:204082043|204092932	chr1	204082043	204092932	exon	GBM classical
chr1:204085635|204086835	chr1	204085635	204086835	exon	GBM classical
chr1:205156546|205156934	chr1	205156546	205156934	exon	GBM classical
chr1:224553581|224567357	chr1	224553581	224567357	intergenic_region	GBM classical
chr10:31662051|31750166	chr10	31662051	31750166	exon	GBM classical
chr11:47817629|47818900	chr11	47817629	47818900	intron	GBM classical
chr11:101936406|101936783	chr11	101936406	101936783	intron	GBM classical
chr11:120916383|120924441	chr11	120916383	120924441	exon	GBM classical
chr11:126275991|126279306	chr11	126275991	126279306	exon	GBM classical
chr12:4609304|4628046	chr12	4609304	4628046	exon	GBM classical
chr12:27802943|27820253	chr12	27802943	27820253	exon	GBM classical
chr12:110952855|111052207	chr12	110952855	111052207	intergenic_region	GBM classical
chr12:110956481|110957721	chr12	110956481	110957721	exon	GBM classical
chr13:33006926|33054774	chr13	33006926	33054774	exon	GBM classical
chr13:74980452|74980917	chr13	74980452	74980917	intergenic_region	GBM classical
chr14:103941330|103958371	chr14	103941330	103958371	exon	GBM classical
chr15:66828271|66839043	chr15	66828271	66839043	exon	GBM classical
chr15:86848143|86860220	chr15	86848143	86860220	exon	GBM classical
chr15:93510555|93510743	chr15	93510555	93510743	exon	GBM classical
chr17:65906993|65909303	chr17	65906993	65909303	exon	GBM classical
chr17:78298830|78302277	chr17	78298830	78302277	exon	GBM classical
chr18:19116003|19164401	chr18	19116003	19164401	exon	GBM classical
chr19:6110404|6176454	chr19	6110404	6176454	exon	GBM classical
chr19:9466333|9475624	chr19	9466333	9475624	exon	GBM classical
chr2:197735665|197763093	chr2	197735665	197763093	exon	GBM classical
chr2:213914437|213921823	chr2	213914437	213921823	exon	GBM classical
chr21:16386665|16417644	chr21	16386665	16417644	intron	GBM classical
chr22:32108069|32113277	chr22	32108069	32113277	exon	GBM classical
chr3:23889275|23895463	chr3	23889275	23895463	intron	GBM classical
chr3:114487946|114488354	chr3	114487946	114488354	intron	GBM classical
chr4:72120937|72263370	chr4	72120937	72263370	exon	GBM classical
chr4:114381303|114430831	chr4	114381303	114430831	exon	GBM classical
chr4:155593384|155614053	chr4	155593384	155614053	intron	GBM classical
chr4:166231705|166231902	chr4	166231705	166231902	exon	GBM classical
chr5:72151601|72179059	chr5	72151601	72179059	exon	GBM classical
chr5:74675162|74722303	chr5	74675162	74722303	exon	GBM classical
chr6:37336260|37344809	chr6	37336260	37344809	exon	GBM classical
chr7:7472104|7477093	chr7	7472104	7477093	exon	GBM classical
chr7:28527793|28610155	chr7	28527793	28610155	exon	GBM classical
chr7:54820019|54825287	chr7	54820019	54825287	exon	GBM classical
chr7:108039880|108040037	chr7	108039880	108040037	exon	GBM classical
chr7:123329096|123332921	chr7	123329096	123332921	exon	GBM classical
chr7:129019479|129053529	chr7	129019479	129053529	exon	GBM classical
chr7:129019482|129053529	chr7	129019482	129053529	exon	GBM classical
chr8:101174507|101196961	chr8	101174507	101196961	exon	GBM classical
chr8:141582911|141595410	chr8	141582911	141595410	exon	GBM classical
chrX:101892924|101894461	chrX	101892924	101894461	exon	GBM classical
chrX:149631038|149639762	chrX	149631038	149639762	exon	GBM classical
chr1:14961840|14962159	chr1	14961840	14962159	intron	GBM classical
chr1:16151769|16153982	chr1	16151769	16153982	intergenic_region	GBM classical
chr1:24976462|24978103	chr1	24976462	24978103	exon	GBM classical
chr1:78167054|78178966	chr1	78167054	78178966	exon	GBM classical
chr1:93029199|93104794	chr1	93029199	93104794	intron	GBM classical
chr1:151031955|151032249	chr1	151031955	151032249	exon	GBM classical
chr1:172109620|172113577	chr1	172109620	172113577	exon	GBM classical
chr1:192997215|192998787	chr1	192997215	192998787	exon	GBM classical
chr1:243471291|243504475	chr1	243471291	243504475	exon	GBM classical
chr10:96005703|96006378	chr10	96005703	96006378	exon	GBM classical
chr11:48142555|48146738	chr11	48142555	48146738	exon	GBM classical
chr12:13364403|13367607	chr12	13364403	13367607	exon	GBM classical
chr12:15860486|15860772	chr12	15860486	15860772	intron	GBM classical
chr12:66539621|66554952	chr12	66539621	66554952	exon	GBM classical
chr12:104409108|104411994	chr12	104409108	104411994	intron	GBM classical
chr13:33006926|33077302	chr13	33006926	33077302	intron	GBM classical
chr14:31841016|31844174	chr14	31841016	31844174	exon	GBM classical
chr14:103803014|103806140	chr14	103803014	103806140	exon	GBM classical
chr15:44053622|44055404	chr15	44053622	44055404	exon	GBM classical
chr15:65266940|65268893	chr15	65266940	65268893	exon	GBM classical
chr15:75693071|75715164	chr15	75693071	75715164	exon	GBM classical
chr17:15968184|15971435	chr17	15968184	15971435	exon	GBM classical
chr17:27844471|27861318	chr17	27844471	27861318	exon	GBM classical
chr17:29112937|29119590	chr17	29112937	29119590	exon	GBM classical
chr17:29508440|29509683	chr17	29508440	29509683	exon	GBM classical
chr19:3425104|3449137	chr19	3425104	3449137	exon	GBM classical
chr19:3425104|3452664	chr19	3425104	3452664	exon	GBM classical
chr19:10883155|10897382	chr19	10883155	10897382	exon	GBM classical
chr19:14153265|14153601	chr19	14153265	14153601	exon	GBM classical
chr19:37656497|37660956	chr19	37656497	37660956	exon	GBM classical
chr2:9667915|9676957	chr2	9667915	9676957	exon	GBM classical
chr2:48063011|48066908	chr2	48063011	48066908	exon	GBM classical
chr2:189864011|189864303	chr2	189864011	189864303	exon	GBM classical
chr20:16336975|16362392	chr20	16336975	16362392	exon	GBM classical
chr20:19904668|19905338	chr20	19904668	19905338	intron	GBM classical
chr20:43545397|43547918	chr20	43545397	43547918	exon	GBM classical
chr22:19840563|19840819	chr22	19840563	19840819	intron	GBM classical
chr3:52729944|52737887	chr3	52729944	52737887	exon	GBM classical
chr3:160134129|160135744	chr3	160134129	160135744	exon	GBM classical
chr3:179437728|179439377	chr3	179437728	179439377	exon	GBM classical
chr4:79166387|79207693	chr4	79166387	79207693	exon	GBM classical
chr4:103610731|103612114	chr4	103610731	103612114	exon	GBM classical
chr4:109858964|109895715	chr4	109858964	109895715	exon	GBM classical
chr4:120189423|120193189	chr4	120189423	120193189	exon	GBM classical
chr4:140058784|140089196	chr4	140058784	140089196	intron	GBM classical
chr4:148406764|148441130	chr4	148406764	148441130	exon	GBM classical
chr4:151223777|151412187	chr4	151223777	151412187	exon	GBM classical
chr4:151271144|151412187	chr4	151271144	151412187	exon	GBM classical
chr5:79470777|79473886	chr5	79470777	79473886	exon	GBM classical
chr5:82832826|82868379	chr5	82832826	82868379	exon	GBM classical
chr6:35586873|35588051	chr6	35586873	35588051	exon	GBM classical
chr6:42171756|42173122	chr6	42171756	42173122	intergenic_region	GBM classical
chr6:45459678|45480144	chr6	45459678	45480144	exon	GBM classical
chr6:118556672|118606501	chr6	118556672	118606501	exon	GBM classical
chr6:132420071|132428056	chr6	132420071	132428056	intergenic_region	GBM classical
chr6:136597166|136597646	chr6	136597166	136597646	exon	GBM classical
chr6:168910595|168949883	chr6	168910595	168949883	exon	GBM classical
chr7:47502249|47502551	chr7	47502249	47502551	intron	GBM classical
chr7:66347880|66364190	chr7	66347880	66364190	intergenic_region	GBM classical
chr7:120764385|120782195	chr7	120764385	120782195	exon	GBM classical
chr8:48882358|48889426	chr8	48882358	48889426	exon	GBM classical
chr8:72156838|72211955	chr8	72156838	72211955	exon	GBM classical
chr9:33944363|33948585	chr9	33944363	33948585	exon	GBM classical
chr9:102814699|102822454	chr9	102814699	102822454	exon	GBM classical
chr9:115950073|115952858	chr9	115950073	115952858	exon	GBM classical
chr9:131669436|131671600	chr9	131669436	131671600	exon	GBM classical
chrX:2209543|2343345	chrX	2209543	2343345	exon	GBM classical
chrX:102071920|102100948	chrX	102071920	102100948	exon	GBM classical
chrX:104343496|104512224	chrX	104343496	104512224	intron	GBM classical
chrX:130877124|130919286	chrX	130877124	130919286	exon	GBM classical
chr1:166151080|166154584	chr1	166151080	166154584	intergenic_region	GBM classical
chr1:184853767|184868442	chr1	184853767	184868442	exon	GBM classical
chr12:2973486|2975687	chr12	2973486	2975687	exon	GBM classical
chr12:27807655|27809663	chr12	27807655	27809663	exon	GBM classical
chr14:104139351|104139768	chr14	104139351	104139768	exon	GBM classical
chr16:16218646|16219768	chr16	16218646	16219768	exon	GBM classical
chr17:26092561|26093614	chr17	26092561	26093614	exon	GBM classical
chr17:61681894|61683800	chr17	61681894	61683800	exon	GBM classical
chr17:66872601|66877352	chr17	66872601	66877352	exon	GBM classical
chr19:10368898|10369361	chr19	10368898	10369361	exon	GBM classical
chr19:47998807|48006759	chr19	47998807	48006759	exon	GBM classical
chr2:24531486|24538093	chr2	24531486	24538093	exon	GBM classical
chr2:45704132|45780869	chr2	45704132	45780869	exon	GBM classical
chr2:165793860|165796066	chr2	165793860	165796066	exon	GBM classical
chr2:206165254|206166425	chr2	206165254	206166425	exon	GBM classical
chr20:35159340|35160552	chr20	35159340	35160552	intron	GBM classical
chr3:9804598|9804897	chr3	9804598	9804897	exon	GBM classical
chr3:64785141|64795526	chr3	64785141	64795526	exon	GBM classical
chr4:79747191|79786874	chr4	79747191	79786874	exon	GBM classical
chr6:109286183|109310048	chr6	109286183	109310048	intergenic_region	GBM classical
chr6:111201190|111208794	chr6	111201190	111208794	intron	GBM classical
chr6:117013218|117026323	chr6	117013218	117026323	exon	GBM classical
chr6:131481199|131540948	chr6	131481199	131540948	exon	GBM classical
chr6:155063090|155099179	chr6	155063090	155099179	exon	GBM classical
chr7:24659671|24733467	chr7	24659671	24733467	exon	GBM classical
chr7:56052540|56065142	chr7	56052540	56065142	exon	GBM classical
chr7:56062587|56065142	chr7	56062587	56065142	exon	GBM classical
chr8:27463929|27466494	chr8	27463929	27466494	exon	GBM classical
chr8:90672524|90673132	chr8	90672524	90673132	intron	GBM classical
chr9:77767048|77783182	chr9	77767048	77783182	intergenic_region	GBM classical
chr9:99060698|99071408	chr9	99060698	99071408	exon	GBM classical
chr9:123586772|123594223	chr9	123586772	123594223	exon	GBM classical
chr1:8926354|8938730	chr1	8926354	8938730	exon	GBM classical
chr1:10340570|10344144	chr1	10340570	10344144	intron	GBM classical
chr1:13933668|13937011	chr1	13933668	13937011	exon	GBM classical
chr1:21071237|21100103	chr1	21071237	21100103	exon	GBM classical
chr1:33149611|33149983	chr1	33149611	33149983	exon	GBM classical
chr1:38029742|38030078	chr1	38029742	38030078	intron	GBM classical
chr1:51968484|51971784	chr1	51968484	51971784	intron	GBM classical
chr1:61553821|61743257	chr1	61553821	61743257	exon	GBM classical
chr1:61848909|61892228	chr1	61848909	61892228	exon	GBM classical
chr1:63962058|63967273	chr1	63962058	63967273	intron	GBM classical
chr1:67308374|67308620	chr1	67308374	67308620	intron	GBM classical
chr1:78268955|78272786	chr1	78268955	78272786	exon	GBM classical
chr1:97981282|98165858	chr1	97981282	98165858	intron	GBM classical
chr1:155631098|155741008	chr1	155631098	155741008	intergenic_region	GBM classical
chr1:164630895|164631327	chr1	164630895	164631327	intron	GBM classical
chr1:164761731|164790863	chr1	164761731	164790863	exon	GBM classical
chr1:173542321|173556969	chr1	173542321	173556969	exon	GBM classical
chr1:179862308|179862631	chr1	179862308	179862631	intron	GBM classical
chr1:213244348|213277911	chr1	213244348	213277911	exon	GBM classical
chr1:219467403|219484777	chr1	219467403	219484777	intergenic_region	GBM classical
chr1:222997226|223073207	chr1	222997226	223073207	exon	GBM classical
chr1:231406504|231411942	chr1	231406504	231411942	exon	GBM classical
chr1:240286479|240458183	chr1	240286479	240458183	exon	GBM classical
chr1:246091233|246093239	chr1	246091233	246093239	exon	GBM classical
chr1:247076534|247081679	chr1	247076534	247081679	exon	GBM classical
chr10:34558585|34649187	chr10	34558585	34649187	exon	GBM classical
chr10:71964629|71969441	chr10	71964629	71969441	exon	GBM classical
chr10:75830428|75832610	chr10	75830428	75832610	exon	GBM classical
chr10:95123718|95129533	chr10	95123718	95129533	exon	GBM classical
chr11:933176|935148	chr11	933176	935148	intron	GBM classical
chr11:9746205|9761894	chr11	9746205	9761894	exon	GBM classical
chr11:33307959|33327555	chr11	33307959	33327555	intron	GBM classical
chr11:46771824|46775047	chr11	46771824	46775047	exon	GBM classical
chr11:63662631|63663105	chr11	63662631	63663105	exon	GBM classical
chr11:65270592|65271829	chr11	65270592	65271829	exon	GBM classical
chr11:102076624|102094483	chr11	102076624	102094483	exon	GBM classical
chr11:102936998|102954055	chr11	102936998	102954055	exon	GBM classical
chr11:103144001|103145745	chr11	103144001	103145745	intron	GBM classical
chr11:121934888|121959756	chr11	121934888	121959756	intron	GBM classical
chr11:125330394|125333466	chr11	125330394	125333466	exon	GBM classical
chr12:1289706|1346070	chr12	1289706	1346070	exon	GBM classical
chr12:47497896|47501947	chr12	47497896	47501947	intron	GBM classical
chr12:78522486|78571093	chr12	78522486	78571093	exon	GBM classical
chr12:97041653|97186277	chr12	97041653	97186277	exon	GBM classical
chr12:97147521|97158996	chr12	97147521	97158996	exon	GBM classical
chr12:97147521|97186277	chr12	97147521	97186277	exon	GBM classical
chr12:97303530|97313903	chr12	97303530	97313903	exon	GBM classical
chr12:107080662|107083142	chr12	107080662	107083142	exon	GBM classical
chr12:110463547|110471762	chr12	110463547	110471762	exon	GBM classical
chr12:116628603|116675510	chr12	116628603	116675510	intron	GBM classical
chr14:20863609|20864889	chr14	20863609	20864889	exon	GBM classical
chr14:30068233|30095762	chr14	30068233	30095762	exon	GBM classical
chr14:30193676|30194880	chr14	30193676	30194880	exon	GBM classical
chr14:31392416|31425448	chr14	31392416	31425448	intron	GBM classical
chr14:36184913|36194359	chr14	36184913	36194359	intron	GBM classical
chr14:56083235|56096815	chr14	56083235	56096815	exon	GBM classical
chr14:71413632|71445365	chr14	71413632	71445365	exon	GBM classical
chr14:76105695|76108241	chr14	76105695	76108241	exon	GBM classical
chr14:76211438|76286504	chr14	76211438	76286504	exon	GBM classical
chr14:91655254|91666249	chr14	91655254	91666249	exon	GBM classical
chr14:91931594|91957146	chr14	91931594	91957146	exon	GBM classical
chr14:100836255|100837571	chr14	100836255	100837571	intron	GBM classical
chr14:102356574|102376027	chr14	102356574	102376027	exon	GBM classical
chr15:41032752|41033921	chr15	41032752	41033921	intron	GBM classical
chr15:43348542|43351390	chr15	43348542	43351390	exon	GBM classical
chr15:48460828|48461036	chr15	48460828	48461036	exon	GBM classical
chr15:50595126|50596330	chr15	50595126	50596330	exon	GBM classical
chr15:56161777|56166206	chr15	56161777	56166206	exon	GBM classical
chr15:56434976|56436681	chr15	56434976	56436681	exon	GBM classical
chr15:56676150|56704634	chr15	56676150	56704634	exon	GBM classical
chr15:65110145|65111422	chr15	65110145	65111422	exon	GBM classical
chr15:72292192|72302788	chr15	72292192	72302788	exon	GBM classical
chr15:86064659|86087186	chr15	86064659	86087186	exon	GBM classical
chr16:9039203|9041287	chr16	9039203	9041287	intron	GBM classical
chr16:14304100|14312855	chr16	14304100	14312855	exon	GBM classical
chr16:17352845|17451907	chr16	17352845	17451907	exon	GBM classical
chr16:21639233|21639846	chr16	21639233	21639846	intron	GBM classical
chr16:22157557|22159627	chr16	22157557	22159627	exon	GBM classical
chr16:70594372|70597953	chr16	70594372	70597953	exon	GBM classical
chr16:71149599|71220821	chr16	71149599	71220821	exon	GBM classical
chr16:71163543|71220821	chr16	71163543	71220821	exon	GBM classical
chr16:72845476|72845937	chr16	72845476	72845937	exon	GBM classical
chr16:74919551|74920294	chr16	74919551	74920294	exon	GBM classical
chr17:37500085|37500539	chr17	37500085	37500539	intron	GBM classical
chr17:37721013|37723145	chr17	37721013	37723145	intergenic_region	GBM classical
chr17:43552466|43555513	chr17	43552466	43555513	exon	GBM classical
chr17:63081894|63084852	chr17	63081894	63084852	intergenic_region	GBM classical
chr17:65528918|65628354	chr17	65528918	65628354	exon	GBM classical
chr17:73142761|73144766	chr17	73142761	73144766	exon	GBM classical
chr18:346295|357522	chr18	346295	357522	exon	GBM classical
chr18:6171827|6244587	chr18	6171827	6244587	exon	GBM classical
chr18:6977726|6980636	chr18	6977726	6980636	exon	GBM classical
chr18:12323715|12324543	chr18	12323715	12324543	intron	GBM classical
chr18:51686135|51692536	chr18	51686135	51692536	exon	GBM classical
chr18:51797730|51810435	chr18	51797730	51810435	exon	GBM classical
chr18:52942850|52946887	chr18	52942850	52946887	exon	GBM classical
chr18:56601665|56615461	chr18	56601665	56615461	exon	GBM classical
chr18:66490603|66564919	chr18	66490603	66564919	exon	GBM classical
chr19:31695862|31733781	chr19	31695862	31733781	exon	GBM classical
chr19:48781478|48781985	chr19	48781478	48781985	intron	GBM classical
chr19:58372744|58374628	chr19	58372744	58374628	exon	GBM classical
chr2:15506704|15542425	chr2	15506704	15542425	exon	GBM classical
chr2:15739793|15761240	chr2	15739793	15761240	exon	GBM classical
chr2:19100479|19248319	chr2	19100479	19248319	intergenic_region	GBM classical
chr2:24533153|24538093	chr2	24533153	24538093	exon	GBM classical
chr2:27865296|27870810	chr2	27865296	27870810	exon	GBM classical
chr2:32399132|32400430	chr2	32399132	32400430	exon	GBM classical
chr2:32664576|32698307	chr2	32664576	32698307	exon	GBM classical
chr2:33505106|33572577	chr2	33505106	33572577	exon	GBM classical
chr2:71282309|71283956	chr2	71282309	71283956	intron	GBM classical
chr2:73716761|73747143	chr2	73716761	73747143	exon	GBM classical
chr2:97864200|97868130	chr2	97864200	97868130	exon	GBM classical
chr2:97869928|97873576	chr2	97869928	97873576	exon	GBM classical
chr2:114974390|114975599	chr2	114974390	114975599	intergenic_region	GBM classical
chr2:173423436|173427019	chr2	173423436	173427019	exon	GBM classical
chr2:197080589|197172809	chr2	197080589	197172809	exon	GBM classical
chr2:208420352|208435045	chr2	208420352	208435045	exon	GBM classical
chr2:218290025|218298839	chr2	218290025	218298839	exon	GBM classical
chr20:17937577|17941969	chr20	17937577	17941969	exon	GBM classical
chr20:44387031|44416621	chr20	44387031	44416621	exon	GBM classical
chr21:35138179|35172233	chr21	35138179	35172233	exon	GBM classical
chr22:28910745|28924716	chr22	28910745	28924716	intron	GBM classical
chr22:33960834|33973950	chr22	33960834	33973950	intron	GBM classical
chr22:38733174|38734836	chr22	38733174	38734836	intron	GBM classical
chr22:41521868|41569788	chr22	41521868	41569788	exon	GBM classical
chr3:12641190|12645788	chr3	12641190	12645788	exon	GBM classical
chr3:15604865|15631119	chr3	15604865	15631119	exon	GBM classical
chr3:41657160|41723295	chr3	41657160	41723295	exon	GBM classical
chr3:47227556|47229665	chr3	47227556	47229665	intron	GBM classical
chr3:47703824|47717078	chr3	47703824	47717078	exon	GBM classical
chr3:48729154|48729387	chr3	48729154	48729387	intron	GBM classical
chr3:54172660|54174201	chr3	54172660	54174201	intron	GBM classical
chr3:56605209|56647778	chr3	56605209	56647778	exon	GBM classical
chr3:81691932|81720104	chr3	81691932	81720104	exon	GBM classical
chr3:111793143|111797725	chr3	111793143	111797725	exon	GBM classical
chr3:121354582|121356103	chr3	121354582	121356103	exon	GBM classical
chr3:122842913|122843190	chr3	122842913	122843190	exon	GBM classical
chr3:142083889|142141764	chr3	142083889	142141764	exon	GBM classical
chr3:169866874|169896726	chr3	169866874	169896726	exon	GBM classical
chr3:178519581|178639698	chr3	178519581	178639698	intergenic_region	GBM classical
chr3:180652926|180671628	chr3	180652926	180671628	exon	GBM classical
chr3:188609963|188631126	chr3	188609963	188631126	intergenic_region	GBM classical
chr3:193746077|193748535	chr3	193746077	193748535	intron	GBM classical
chr3:195343807|195444620	chr3	195343807	195444620	intergenic_region	GBM classical
chr4:25398286|25408875	chr4	25398286	25408875	exon	GBM classical
chr4:80006381|80020388	chr4	80006381	80020388	intron	GBM classical
chr4:80006381|80117086	chr4	80006381	80117086	intron	GBM classical
chr4:80116990|80118184	chr4	80116990	80118184	intron	GBM classical
chr4:95561427|95585186	chr4	95561427	95585186	exon	GBM classical
chr4:103225474|103236896	chr4	103225474	103236896	exon	GBM classical
chr4:106367540|106374799	chr4	106367540	106374799	exon	GBM classical
chr4:147788650|147830401	chr4	147788650	147830401	exon	GBM classical
chr4:151082441|151083952	chr4	151082441	151083952	intron	GBM classical
chr4:186291794|186298172	chr4	186291794	186298172	exon	GBM classical
chr5:11117562|11236935	chr5	11117562	11236935	exon	GBM classical
chr5:13914629|13931353	chr5	13914629	13931353	exon	GBM classical
chr5:34048755|34049290	chr5	34048755	34049290	intron	GBM classical
chr5:54767337|54768170	chr5	54767337	54768170	intron	GBM classical
chr5:64747302|64748745	chr5	64747302	64748745	exon	GBM classical
chr5:70811913|70849147	chr5	70811913	70849147	exon	GBM classical
chr5:79768580|79770649	chr5	79768580	79770649	exon	GBM classical
chr5:79974746|80048075	chr5	79974746	80048075	intron	GBM classical
chr5:110418230|110446977	chr5	110418230	110446977	intergenic_region	GBM classical
chr5:125761362|125767721	chr5	125761362	125767721	intron	GBM classical
chr5:157268497|157268738	chr5	157268497	157268738	intron	GBM classical
chr5:179020479|179021964	chr5	179020479	179021964	exon	GBM classical
chr5:179151721|179153760	chr5	179151721	179153760	exon	GBM classical
chr6:2799552|2827031	chr6	2799552	2827031	intergenic_region	GBM classical
chr6:11565899|11567768	chr6	11565899	11567768	intron	GBM classical
chr6:32610387|32713849	chr6	32610387	32713849	intergenic_region	GBM classical
chr6:56394772|56465019	chr6	56394772	56465019	exon	GBM classical
chr6:71136273|71162274	chr6	71136273	71162274	exon	GBM classical
chr6:80838878|80914855	chr6	80838878	80914855	intron	GBM classical
chr6:101214441|101215221	chr6	101214441	101215221	exon	GBM classical
chr6:121866730|121881026	chr6	121866730	121881026	intergenic_region	GBM classical
chr6:125366357|125398004	chr6	125366357	125398004	exon	GBM classical
chr6:129815213|129879311	chr6	129815213	129879311	intergenic_region	GBM classical
chr6:151116992|151125877	chr6	151116992	151125877	exon	GBM classical
chr6:167356507|167362113	chr6	167356507	167362113	exon	GBM classical
chr7:6736970|6737442	chr7	6736970	6737442	exon	GBM classical
chr7:11675757|11676588	chr7	11675757	11676588	exon	GBM classical
chr7:32528861|32530378	chr7	32528861	32530378	exon	GBM classical
chr7:33185854|33231175	chr7	33185854	33231175	intron	GBM classical
chr7:39683364|39692723	chr7	39683364	39692723	intron	GBM classical
chr7:72401295|72402344	chr7	72401295	72402344	intron	GBM classical
chr7:90546916|90585132	chr7	90546916	90585132	exon	GBM classical
chr7:102453724|102495307	chr7	102453724	102495307	exon	GBM classical
chr7:102603980|102669865	chr7	102603980	102669865	exon	GBM classical
chr7:148463653|148464841	chr7	148463653	148464841	exon	GBM classical
chr7:151935792|151948051	chr7	151935792	151948051	exon	GBM classical
chr7:153777941|153780814	chr7	153777941	153780814	intron	GBM classical
chr7:155493467|155511137	chr7	155493467	155511137	exon	GBM classical
chr7:158662546|158672680	chr7	158662546	158672680	exon	GBM classical
chr8:1824737|1833873	chr8	1824737	1833873	exon	GBM classical
chr8:8791363|8793300	chr8	8791363	8793300	intergenic_region	GBM classical
chr8:42780700|42814457	chr8	42780700	42814457	exon	GBM classical
chr8:68211444|68213615	chr8	68211444	68213615	exon	GBM classical
chr8:101232507|101252999	chr8	101232507	101252999	exon	GBM classical
chr8:123816597|123821469	chr8	123816597	123821469	intron	GBM classical
chr9:3320475|3321012	chr9	3320475	3321012	intron	GBM classical
chr9:4191786|4286523	chr9	4191786	4286523	intron	GBM classical
chr9:14120439|14180865	chr9	14120439	14180865	intron	GBM classical
chr9:99324975|99327765	chr9	99324975	99327765	exon	GBM classical
chr9:107620803|107624081	chr9	107620803	107624081	exon	GBM classical
chr9:134010285|134022971	chr9	134010285	134022971	exon	GBM classical
chrX:6528801|6530616	chrX	6528801	6530616	intergenic_region	GBM classical
chrX:24828015|24873598	chrX	24828015	24873598	intron	GBM classical
chrX:38146347|38178240	chrX	38146347	38178240	exon	GBM classical
chrX:44870206|44879975	chrX	44870206	44879975	exon	GBM classical
chrX:130843526|130919286	chrX	130843526	130919286	exon	GBM classical
chrX:130877124|130918067	chrX	130877124	130918067	exon	GBM classical
chrX:133938131|133941738	chrX	133938131	133941738	exon	GBM classical
chr1:1735858|1770677	chr1	1735858	1770677	exon	GBM classical
chr1:2234417|2236024	chr1	2234417	2236024	exon	GBM classical
chr1:8684369|8716500	chr1	8684369	8716500	exon	GBM classical
chr1:10340570|10342988	chr1	10340570	10342988	intron	GBM classical
chr1:12647306|12647630	chr1	12647306	12647630	intron	GBM classical
chr1:19629100|19629664	chr1	19629100	19629664	intergenic_region	GBM classical
chr1:23842827|23844296	chr1	23842827	23844296	intron	GBM classical
chr1:25124233|25153607	chr1	25124233	25153607	exon	GBM classical
chr1:35497416|35643000	chr1	35497416	35643000	intergenic_region	GBM classical
chr1:39459640|39461861	chr1	39459640	39461861	intron	GBM classical
chr1:41578955|41627104	chr1	41578955	41627104	exon	GBM classical
chr1:54266366|54272190	chr1	54266366	54272190	exon	GBM classical
chr1:58999621|59004978	chr1	58999621	59004978	intron	GBM classical
chr1:61743192|61892228	chr1	61743192	61892228	exon	GBM classical
chr1:63084377|63128801	chr1	63084377	63128801	exon	GBM classical
chr1:63090930|63128801	chr1	63090930	63128801	exon	GBM classical
chr1:63877597|63885111	chr1	63877597	63885111	exon	GBM classical
chr1:100127875|100133322	chr1	100127875	100133322	exon	GBM classical
chr1:110125059|110129504	chr1	110125059	110129504	exon	GBM classical
chr1:113134147|113153625	chr1	113134147	113153625	exon	GBM classical
chr1:150270018|150274115	chr1	150270018	150274115	intron	GBM classical
chr1:155447677|155452240	chr1	155447677	155452240	exon	GBM classical
chr1:155836426|155838582	chr1	155836426	155838582	intron	GBM classical
chr1:171519225|171530242	chr1	171519225	171530242	exon	GBM classical
chr1:179494469|179504097	chr1	179494469	179504097	exon	GBM classical
chr1:180756889|180780624	chr1	180756889	180780624	exon	GBM classical
chr1:196434423|196461471	chr1	196434423	196461471	exon	GBM classical
chr1:214820421|214832371	chr1	214820421	214832371	exon	GBM classical
chr1:236341714|236343328	chr1	236341714	236343328	exon	GBM classical
chr1:240286479|240341368	chr1	240286479	240341368	exon	GBM classical
chr1:240519116|240601510	chr1	240519116	240601510	exon	GBM classical
chr1:244640843|244643086	chr1	244640843	244643086	exon	GBM classical
chr10:6470404|6475535	chr10	6470404	6475535	intron	GBM classical
chr10:12160748|12162266	chr10	12160748	12162266	exon	GBM classical
chr10:27301811|27303640	chr10	27301811	27303640	exon	GBM classical
chr10:74773982|74806859	chr10	74773982	74806859	exon	GBM classical
chr10:111860383|111879112	chr10	111860383	111879112	exon	GBM classical
chr11:7697605|7748061	chr11	7697605	7748061	intergenic_region	GBM classical
chr11:9462002|9463744	chr11	9462002	9463744	exon	GBM classical
chr11:10791757|10794202	chr11	10791757	10794202	exon	GBM classical
chr11:16203703|16208501	chr11	16203703	16208501	intron	GBM classical
chr11:32987846|32995095	chr11	32987846	32995095	exon	GBM classical
chr11:63463805|63464062	chr11	63463805	63464062	intron	GBM classical
chr11:65266997|65267809	chr11	65266997	65267809	exon	GBM classical
chr11:65269792|65272490	chr11	65269792	65272490	exon	GBM classical
chr11:65270592|65272490	chr11	65270592	65272490	exon	GBM classical
chr11:68282496|68305359	chr11	68282496	68305359	exon	GBM classical
chr11:75672488|75728024	chr11	75672488	75728024	exon	GBM classical
chr11:77085373|77103586	chr11	77085373	77103586	exon	GBM classical
chr11:82067554|82224452	chr11	82067554	82224452	intron	GBM classical
chr11:85692172|85693046	chr11	85692172	85693046	exon	GBM classical
chr12:14576843|14610229	chr12	14576843	14610229	exon	GBM classical
chr12:19301119|19302317	chr12	19301119	19302317	intron	GBM classical
chr12:23845149|23846302	chr12	23845149	23846302	intron	GBM classical
chr12:24366277|24430246	chr12	24366277	24430246	exon	GBM classical
chr12:49523025|49579773	chr12	49523025	49579773	intergenic_region	GBM classical
chr12:51324272|51325277	chr12	51324272	51325277	exon	GBM classical
chr12:64456697|64509673	chr12	64456697	64509673	exon	GBM classical
chr12:95058569|95063066	chr12	95058569	95063066	intergenic_region	GBM classical
chr12:97137798|97151366	chr12	97137798	97151366	exon	GBM classical
chr12:110941611|110944498	chr12	110941611	110944498	exon	GBM classical
chr12:122801296|122803895	chr12	122801296	122803895	exon	GBM classical
chr12:124882665|124887107	chr12	124882665	124887107	exon	GBM classical
chr12:125284670|125292473	chr12	125284670	125292473	exon	GBM classical
chr13:21401206|21418025	chr13	21401206	21418025	exon	GBM classical
chr13:45910671|45911523	chr13	45910671	45911523	exon	GBM classical
chr13:46936344|46955805	chr13	46936344	46955805	intron	GBM classical
chr13:108237301|108237575	chr13	108237301	108237575	intron	GBM classical
chr14:26949183|26949349	chr14	26949183	26949349	exon	GBM classical
chr14:27675043|27676324	chr14	27675043	27676324	intergenic_region	GBM classical
chr14:31112522|31122794	chr14	31112522	31122794	exon	GBM classical
chr14:31611064|31614147	chr14	31611064	31614147	exon	GBM classical
chr14:31762495|31771725	chr14	31762495	31771725	exon	GBM classical
chr14:33619516|33684793	chr14	33619516	33684793	intron	GBM classical
chr14:47985014|47988379	chr14	47985014	47988379	intron	GBM classical
chr14:50585509|50655418	chr14	50585509	50655418	exon	GBM classical
chr14:50941795|50971575	chr14	50941795	50971575	exon	GBM classical
chr14:56078737|56094746	chr14	56078737	56094746	exon	GBM classical
chr14:65896934|65922436	chr14	65896934	65922436	exon	GBM classical
chr14:73490734|73491650	chr14	73490734	73491650	exon	GBM classical
chr15:45623219|45643875	chr15	45623219	45643875	intergenic_region	GBM classical
chr15:55919206|55921202	chr15	55919206	55921202	exon	GBM classical
chr15:56970862|56974675	chr15	56970862	56974675	exon	GBM classical
chr15:56981239|56999504	chr15	56981239	56999504	exon	GBM classical
chr15:86198648|86251317	chr15	86198648	86251317	exon	GBM classical
chr15:93510555|93536228	chr15	93510555	93536228	exon	GBM classical
chr15:93750904|93752028	chr15	93750904	93752028	intergenic_region	GBM classical
chr16:12126976|12128569	chr16	12126976	12128569	intron	GBM classical
chr16:14306211|14328140	chr16	14306211	14328140	exon	GBM classical
chr16:14645878|14680218	chr16	14645878	14680218	exon	GBM classical
chr16:16101673|16110478	chr16	16101673	16110478	exon	GBM classical
chr16:16103633|16110478	chr16	16103633	16110478	exon	GBM classical
chr16:56660792|56673241	chr16	56660792	56673241	intergenic_region	GBM classical
chr16:66850484|66855462	chr16	66850484	66855462	exon	GBM classical
chr16:69685806|69686118	chr16	69685806	69686118	intron	GBM classical
chr16:90090627|90093588	chr16	90090627	90093588	intron	GBM classical
chr17:1451590|1461853	chr17	1451590	1461853	exon	GBM classical
chr17:2506813|2507129	chr17	2506813	2507129	intron	GBM classical
chr17:4109616|4120413	chr17	4109616	4120413	exon	GBM classical
chr17:27778473|27804724	chr17	27778473	27804724	exon	GBM classical
chr17:41199660|41209152	chr17	41199660	41209152	exon	GBM classical
chr17:41576230|41582193	chr17	41576230	41582193	exon	GBM classical
chr17:53062975|53124515	chr17	53062975	53124515	exon	GBM classical
chr17:59115250|59161925	chr17	59115250	59161925	exon	GBM classical
chr17:61841376|61842207	chr17	61841376	61842207	exon	GBM classical
chr17:62486913|62489138	chr17	62486913	62489138	exon	GBM classical
chr17:65103285|65124971	chr17	65103285	65124971	exon	GBM classical
chr17:66246329|66247319	chr17	66246329	66247319	exon	GBM classical
chr17:78263458|78264527	chr17	78263458	78264527	exon	GBM classical
chr17:79813018|79813462	chr17	79813018	79813462	exon	GBM classical
chr18:20562181|20581692	chr18	20562181	20581692	exon	GBM classical
chr18:44395275|44409830	chr18	44395275	44409830	exon	GBM classical
chr18:60206914|60242783	chr18	60206914	60242783	exon	GBM classical
chr18:76870355|76886375	chr18	76870355	76886375	exon	GBM classical
chr19:8306313|8307967	chr19	8306313	8307967	intron	GBM classical
chr19:8619361|8619627	chr19	8619361	8619627	exon	GBM classical
chr19:11964022|11965284	chr19	11964022	11965284	intron	GBM classical
chr19:18986275|18986903	chr19	18986275	18986903	intron	GBM classical
chr19:20228590|20232155	chr19	20228590	20232155	exon	GBM classical
chr19:33390763|33406423	chr19	33390763	33406423	exon	GBM classical
chr19:40376313|40406060	chr19	40376313	40406060	intron	GBM classical
chr19:46324642|46457204	chr19	46324642	46457204	intergenic_region	GBM classical
chr2:8938332|8943257	chr2	8938332	8943257	exon	GBM classical
chr2:26321531|26332775	chr2	26321531	26332775	exon	GBM classical
chr2:33468729|33540336	chr2	33468729	33540336	exon	GBM classical
chr2:33518227|33540336	chr2	33518227	33540336	exon	GBM classical
chr2:39743555|39745851	chr2	39743555	39745851	exon	GBM classical
chr2:55548595|55550942	chr2	55548595	55550942	intron	GBM classical
chr2:61717777|61729445	chr2	61717777	61729445	exon	GBM classical
chr2:63086304|63101667	chr2	63086304	63101667	exon	GBM classical
chr2:68740212|68765359	chr2	68740212	68765359	exon	GBM classical
chr2:73646251|73653681	chr2	73646251	73653681	exon	GBM classical
chr2:73716761|73718625	chr2	73716761	73718625	exon	GBM classical
chr2:80248424|80250927	chr2	80248424	80250927	intron	GBM classical
chr2:109805528|109805761	chr2	109805528	109805761	intron	GBM classical
chr2:113304589|113312155	chr2	113304589	113312155	exon	GBM classical
chr2:115108751|115126092	chr2	115108751	115126092	intergenic_region	GBM classical
chr2:128246755|128253724	chr2	128246755	128253724	exon	GBM classical
chr2:141986752|142012210	chr2	141986752	142012210	exon	GBM classical
chr2:154996850|155115651	chr2	154996850	155115651	exon	GBM classical
chr2:173426948|173431661	chr2	173426948	173431661	exon	GBM classical
chr2:174943696|175006728	chr2	174943696	175006728	exon	GBM classical
chr2:183866681|183888644	chr2	183866681	183888644	exon	GBM classical
chr2:201680485|201681047	chr2	201680485	201681047	intron	GBM classical
chr2:208420352|208442379	chr2	208420352	208442379	exon	GBM classical
chr2:225709920|225710359	chr2	225709920	225710359	exon	GBM classical
chr2:228197135|228221835	chr2	228197135	228221835	exon	GBM classical
chr2:230683080|230744844	chr2	230683080	230744844	exon	GBM classical
chr2:232079544|232081506	chr2	232079544	232081506	exon	GBM classical
chr2:240267403|240268484	chr2	240267403	240268484	intron	GBM classical
chr20:30935547|30941575	chr20	30935547	30941575	intergenic_region	GBM classical
chr20:33306541|33307241	chr20	33306541	33307241	intron	GBM classical
chr20:34800194|34810316	chr20	34800194	34810316	exon	GBM classical
chr20:43560279|43560539	chr20	43560279	43560539	exon	GBM classical
chr20:43995515|44038895	chr20	43995515	44038895	intron	GBM classical
chr21:30313542|30329798	chr21	30313542	30329798	exon	GBM classical
chr21:35091102|35138316	chr21	35091102	35138316	exon	GBM classical
chr22:35815877|35817453	chr22	35815877	35817453	exon	GBM classical
chr22:41547837|41553412	chr22	41547837	41553412	exon	GBM classical
chr22:50563821|50566936	chr22	50563821	50566936	exon	GBM classical
chr3:47750491|47770584	chr3	47750491	47770584	intron	GBM classical
chr3:47899815|47907568	chr3	47899815	47907568	intron	GBM classical
chr3:50816106|50971508	chr3	50816106	50971508	exon	GBM classical
chr3:57643435|57646513	chr3	57643435	57646513	exon	GBM classical
chr3:67718637|67818857	chr3	67718637	67818857	intron	GBM classical
chr3:114099064|114219238	chr3	114099064	114219238	exon	GBM classical
chr3:114412375|114462626	chr3	114412375	114462626	exon	GBM classical
chr3:118620978|118649122	chr3	118620978	118649122	exon	GBM classical
chr3:120150126|120150398	chr3	120150126	120150398	intron	GBM classical
chr3:131186935|131190123	chr3	131186935	131190123	exon	GBM classical
chr3:168472332|168542713	chr3	168472332	168542713	intron	GBM classical
chr3:182665026|182681837	chr3	182665026	182681837	exon	GBM classical
chr3:193177459|193179817	chr3	193177459	193179817	intron	GBM classical
chr3:195675462|195675782	chr3	195675462	195675782	intron	GBM classical
chr3:195746751|195754131	chr3	195746751	195754131	intron	GBM classical
chr4:39707390|39751221	chr4	39707390	39751221	intron	GBM classical
chr4:48552609|48553595	chr4	48552609	48553595	exon	GBM classical
chr4:56756389|56763066	chr4	56756389	56763066	exon	GBM classical
chr4:56835262|56841135	chr4	56835262	56841135	exon	GBM classical
chr4:56877578|56878151	chr4	56877578	56878151	exon	GBM classical
chr4:57138487|57141305	chr4	57138487	57141305	intron	GBM classical
chr4:57237617|57244630	chr4	57237617	57244630	exon	GBM classical
chr4:73981538|73991029	chr4	73981538	73991029	exon	GBM classical
chr4:114213402|114213540	chr4	114213402	114213540	intron	GBM classical
chr4:120517678|120528452	chr4	120517678	120528452	exon	GBM classical
chr4:169589341|169633074	chr4	169589341	169633074	exon	GBM classical
chr5:14270934|14336836	chr5	14270934	14336836	exon	GBM classical
chr5:16702652|16703065	chr5	16702652	16703065	exon	GBM classical
chr5:64023934|64037027	chr5	64023934	64037027	exon	GBM classical
chr5:64556427|64569274	chr5	64556427	64569274	exon	GBM classical
chr5:68487622|68498797	chr5	68487622	68498797	exon	GBM classical
chr5:70888753|70931073	chr5	70888753	70931073	exon	GBM classical
chr5:72264325|72302376	chr5	72264325	72302376	exon	GBM classical
chr5:74134790|74137504	chr5	74134790	74137504	exon	GBM classical
chr5:82807922|82850857	chr5	82807922	82850857	exon	GBM classical
chr5:96861496|97006388	chr5	96861496	97006388	intron	GBM classical
chr5:112321532|112343739	chr5	112321532	112343739	exon	GBM classical
chr5:113821171|113831875	chr5	113821171	113831875	intron	GBM classical
chr5:138281090|138281297	chr5	138281090	138281297	intergenic_region	GBM classical
chr5:151166164|151183557	chr5	151166164	151183557	exon	GBM classical
chr5:176618885|176678854	chr5	176618885	176678854	exon	GBM classical
chr6:3076998|3085642	chr6	3076998	3085642	exon	GBM classical
chr6:21979174|22056919	chr6	21979174	22056919	exon	GBM classical
chr6:22056775|22143180	chr6	22056775	22143180	intron	GBM classical
chr6:23457818|23503245	chr6	23457818	23503245	intergenic_region	GBM classical
chr6:26385243|26388522	chr6	26385243	26388522	exon	GBM classical
chr6:32629744|32725660	chr6	32629744	32725660	intergenic_region	GBM classical
chr6:55926447|55942371	chr6	55926447	55942371	exon	GBM classical
chr6:72002996|72006520	chr6	72002996	72006520	exon	GBM classical
chr6:72012673|72020345	chr6	72012673	72020345	exon	GBM classical
chr6:84870531|84872989	chr6	84870531	84872989	exon	GBM classical
chr6:88265126|88279308	chr6	88265126	88279308	exon	GBM classical
chr6:88269108|88269319	chr6	88269108	88269319	intron	GBM classical
chr6:92067646|92076483	chr6	92067646	92076483	intergenic_region	GBM classical
chr6:108202353|108204350	chr6	108202353	108204350	exon	GBM classical
chr6:111590259|111599917	chr6	111590259	111599917	intergenic_region	GBM classical
chr6:111640587|111641142	chr6	111640587	111641142	intron	GBM classical
chr6:144858718|144898424	chr6	144858718	144898424	exon	GBM classical
chr6:150022915|150023402	chr6	150022915	150023402	exon	GBM classical
chr6:159128262|159146669	chr6	159128262	159146669	exon	GBM classical
chr6:160412216|160448346	chr6	160412216	160448346	exon	GBM classical
chr6:167435897|167438382	chr6	167435897	167438382	exon	GBM classical
chr7:5876188|5876924	chr7	5876188	5876924	intron	GBM classical
chr7:21695450|21730499	chr7	21695450	21730499	exon	GBM classical
chr7:24663282|24681487	chr7	24663282	24681487	exon	GBM classical
chr7:24901232|24932240	chr7	24901232	24932240	exon	GBM classical
chr7:27642757|27689252	chr7	27642757	27689252	intron	GBM classical
chr7:33390639|33427756	chr7	33390639	33427756	intron	GBM classical
chr7:38050278|38053183	chr7	38050278	38053183	intron	GBM classical
chr7:69187445|69192498	chr7	69187445	69192498	intron	GBM classical
chr7:72178579|72193899	chr7	72178579	72193899	exon	GBM classical
chr7:77221502|77230123	chr7	77221502	77230123	exon	GBM classical
chr7:77265099|77268641	chr7	77265099	77268641	exon	GBM classical
chr7:90355881|90492584	chr7	90355881	90492584	exon	GBM classical
chr7:91453448|91456794	chr7	91453448	91456794	intron	GBM classical
chr7:91603025|91610272	chr7	91603025	91610272	intron	GBM classical
chr7:99195559|99208224	chr7	99195559	99208224	intergenic_region	GBM classical
chr7:99672758|99675056	chr7	99672758	99675056	exon	GBM classical
chr7:104808455|104809712	chr7	104808455	104809712	exon	GBM classical
chr7:104968933|104990295	chr7	104968933	104990295	intron	GBM classical
chr7:105111208|105135700	chr7	105111208	105135700	exon	GBM classical
chr7:107813709|107817837	chr7	107813709	107817837	intron	GBM classical
chr7:120478831|120480163	chr7	120478831	120480163	exon	GBM classical
chr7:121568210|121638060	chr7	121568210	121638060	exon	GBM classical
chr7:126746550|126883569	chr7	126746550	126883569	exon	GBM classical
chr7:127338929|127361454	chr7	127338929	127361454	exon	GBM classical
chr7:127361341|127447627	chr7	127361341	127447627	exon	GBM classical
chr7:130293134|130293280	chr7	130293134	130293280	intron	GBM classical
chr7:131060183|131151174	chr7	131060183	131151174	exon	GBM classical
chr7:131060183|131163436	chr7	131060183	131163436	exon	GBM classical
chr7:131096065|131113904	chr7	131096065	131113904	exon	GBM classical
chr7:133761179|133767288	chr7	133761179	133767288	intergenic_region	GBM classical
chr7:133821776|133842912	chr7	133821776	133842912	exon	GBM classical
chr7:136935977|136969515	chr7	136935977	136969515	intron	GBM classical
chr7:137255921|137270092	chr7	137255921	137270092	exon	GBM classical
chr7:137372489|137374748	chr7	137372489	137374748	intron	GBM classical
chr7:137729089|137738194	chr7	137729089	137738194	intron	GBM classical
chr7:138189035|138213975	chr7	138189035	138213975	exon	GBM classical
chr7:148529726|148547617	chr7	148529726	148547617	intron	GBM classical
chr7:151057227|151065973	chr7	151057227	151065973	exon	GBM classical
chr7:153526577|153531084	chr7	153526577	153531084	intergenic_region	GBM classical
chr8:48696303|48701799	chr8	48696303	48701799	exon	GBM classical
chr8:66684033|66687972	chr8	66684033	66687972	intron	GBM classical
chr8:67716610|67743546	chr8	67716610	67743546	exon	GBM classical
chr8:68999959|69021858	chr8	68999959	69021858	exon	GBM classical
chr8:87410571|87424103	chr8	87410571	87424103	exon	GBM classical
chr8:95900155|95902778	chr8	95900155	95902778	exon	GBM classical
chr8:100568678|100589861	chr8	100568678	100589861	exon	GBM classical
chr8:139255185|139323163	chr8	139255185	139323163	exon	GBM classical
chr8:141684397|141696793	chr8	141684397	141696793	exon	GBM classical
chr8:142146608|142148236	chr8	142146608	142148236	exon	GBM classical
chr9:3879427|3937189	chr9	3879427	3937189	exon	GBM classical
chr9:14120439|14155892	chr9	14120439	14155892	exon	GBM classical
chr9:72892226|72895815	chr9	72892226	72895815	exon	GBM classical
chr9:78682871|78749128	chr9	78682871	78749128	exon	GBM classical
chr9:86368173|86383885	chr9	86368173	86383885	exon	GBM classical
chr9:99709402|99709702	chr9	99709402	99709702	intron	GBM classical
chr9:107566907|107568711	chr9	107566907	107568711	exon	GBM classical
chr9:114886537|114905903	chr9	114886537	114905903	exon	GBM classical
chr9:117838311|117838854	chr9	117838311	117838854	exon	GBM classical
chr9:125743399|125744250	chr9	125743399	125744250	intron	GBM classical
chrX:84322133|84329406	chrX	84322133	84329406	intron	GBM classical
chrX:96327940|96369964	chrX	96327940	96369964	exon	GBM classical
chrX:128781458|128781815	chrX	128781458	128781815	exon	GBM classical
chr1:11169347|11177143	chr1	11169347	11177143	exon	GBM classical
chr1:36216851|36219537	chr1	36216851	36219537	exon	GBM classical
chr1:61125033|61125529	chr1	61125033	61125529	intergenic_region	GBM classical
chr1:91742185|91781741	chr1	91742185	91781741	exon	GBM classical
chr1:100736600|100736919	chr1	100736600	100736919	intron	GBM classical
chr1:150440128|150440365	chr1	150440128	150440365	intron	GBM classical
chr1:151955142|151958727	chr1	151955142	151958727	intergenic_region	GBM classical
chr1:201749549|201752980	chr1	201749549	201752980	exon	GBM classical
chr10:5202775|5324861	chr10	5202775	5324861	intergenic_region	GBM classical
chr10:13214376|13214765	chr10	13214376	13214765	exon	GBM classical
chr10:118661276|118700123	chr10	118661276	118700123	exon	GBM classical
chr11:5624476|5624965	chr11	5624476	5624965	exon	GBM classical
chr11:46829581|46831424	chr11	46829581	46831424	exon	GBM classical
chr11:74053506|74054461	chr11	74053506	74054461	exon	GBM classical
chr11:94163077|94180604	chr11	94163077	94180604	exon	GBM classical
chr11:126142864|126143349	chr11	126142864	126143349	exon	GBM classical
chr11:128830707|128832162	chr11	128830707	128832162	intergenic_region	GBM classical
chr12:26628229|26755639	chr12	26628229	26755639	exon	GBM classical
chr12:27786295|27788048	chr12	27786295	27788048	exon	GBM classical
chr12:39713708|39720126	chr12	39713708	39720126	exon	GBM classical
chr12:56510559|56510995	chr12	56510559	56510995	exon	GBM classical
chr12:70465827|70467144	chr12	70465827	70467144	intron	GBM classical
chr12:118682699|118693460	chr12	118682699	118693460	exon	GBM classical
chr12:125292307|125294835	chr12	125292307	125294835	exon	GBM classical
chr13:25051839|25052414	chr13	25051839	25052414	exon	GBM classical
chr13:32899213|32900750	chr13	32899213	32900750	exon	GBM classical
chr13:33095510|33101669	chr13	33095510	33101669	exon	GBM classical
chr13:39282699|39282991	chr13	39282699	39282991	intron	GBM classical
chr13:46930567|46933766	chr13	46930567	46933766	exon	GBM classical
chr14:29193474|29208050	chr14	29193474	29208050	intergenic_region	GBM classical
chr14:30093358|30108110	chr14	30093358	30108110	exon	GBM classical
chr14:31813102|31844174	chr14	31813102	31844174	exon	GBM classical
chr14:35871977|35872407	chr14	35871977	35872407	exon	GBM classical
chr14:61504343|61518853	chr14	61504343	61518853	exon	GBM classical
chr14:62193424|62194373	chr14	62193424	62194373	exon	GBM classical
chr14:76088422|76108241	chr14	76088422	76108241	exon	GBM classical
chr14:86445314|86537311	chr14	86445314	86537311	intron	GBM classical
chr15:44941064|44952814	chr15	44941064	44952814	exon	GBM classical
chr15:45028681|45048661	chr15	45028681	45048661	exon	GBM classical
chr15:65224390|65225755	chr15	65224390	65225755	intron	GBM classical
chr15:77471132|77578846	chr15	77471132	77578846	exon	GBM classical
chr15:96814932|96834012	chr15	96814932	96834012	exon	GBM classical
chr16:19191713|19195469	chr16	19191713	19195469	exon	GBM classical
chr16:68208277|68225678	chr16	68208277	68225678	exon	GBM classical
chr16:71825970|71826495	chr16	71825970	71826495	intron	GBM classical
chr16:72270668|72425114	chr16	72270668	72425114	intergenic_region	GBM classical
chr17:26484076|26491312	chr17	26484076	26491312	intron	GBM classical
chr17:64001808|64026141	chr17	64001808	64026141	exon	GBM classical
chr17:70369343|70372085	chr17	70369343	70372085	intron	GBM classical
chr17:73371329|73371695	chr17	73371329	73371695	intron	GBM classical
chr17:79841992|79842840	chr17	79841992	79842840	intergenic_region	GBM classical
chr18:2700537|2700916	chr18	2700537	2700916	exon	GBM classical
chr19:960092|968503	chr19	960092	968503	exon	GBM classical
chr19:15475545|15476615	chr19	15475545	15476615	intron	GBM classical
chr19:19339953|19342208	chr19	19339953	19342208	intron	GBM classical
chr19:19353543|19356266	chr19	19353543	19356266	intron	GBM classical
chr19:21909196|21927869	chr19	21909196	21927869	exon	GBM classical
chr19:24108633|24109245	chr19	24108633	24109245	intron	GBM classical
chr19:57755857|57756871	chr19	57755857	57756871	intron	GBM classical
chr19:58371886|58378986	chr19	58371886	58378986	intron	GBM classical
chr2:43725972|43755127	chr2	43725972	43755127	exon	GBM classical
chr2:64160807|64171789	chr2	64160807	64171789	exon	GBM classical
chr2:96559444|96579928	chr2	96559444	96579928	exon	GBM classical
chr2:112758778|112761561	chr2	112758778	112761561	exon	GBM classical
chr2:141376368|141376737	chr2	141376368	141376737	intron	GBM classical
chr2:153417397|153437563	chr2	153417397	153437563	exon	GBM classical
chr2:155098543|155158102	chr2	155098543	155158102	exon	GBM classical
chr2:200188526|200193633	chr2	200188526	200193633	exon	GBM classical
chr2:207006665|207012558	chr2	207006665	207012558	exon	GBM classical
chr2:236617823|236715975	chr2	236617823	236715975	exon	GBM classical
chr20:3338041|3339040	chr20	3338041	3339040	intron	GBM classical
chr20:36393599|36431450	chr20	36393599	36431450	exon	GBM classical
chr22:24431892|24434909	chr22	24431892	24434909	exon	GBM classical
chr22:28324946|28325532	chr22	28324946	28325532	intron	GBM classical
chr3:10011403|10019130	chr3	10011403	10019130	exon	GBM classical
chr3:33626242|33633988	chr3	33626242	33633988	exon	GBM classical
chr3:64547254|64582667	chr3	64547254	64582667	exon	GBM classical
chr3:130649260|130699523	chr3	130649260	130699523	exon	GBM classical
chr3:172491693|172501699	chr3	172491693	172501699	exon	GBM classical
chr4:371862|372152	chr4	371862	372152	exon	GBM classical
chr4:3009041|3024178	chr4	3009041	3024178	intron	GBM classical
chr4:77916934|77952123	chr4	77916934	77952123	exon	GBM classical
chr4:83276457|83280792	chr4	83276457	83280792	exon	GBM classical
chr4:87614740|87638270	chr4	87614740	87638270	exon	GBM classical
chr4:95471010|95476259	chr4	95471010	95476259	intron	GBM classical
chr4:128958326|128958615	chr4	128958326	128958615	exon	GBM classical
chr4:154330123|154479520	chr4	154330123	154479520	intergenic_region	GBM classical
chr4:160107794|160162520	chr4	160107794	160162520	exon	GBM classical
chr5:1611784|1612187	chr5	1611784	1612187	intron	GBM classical
chr5:9190379|9202352	chr5	9190379	9202352	exon	GBM classical
chr5:9379935|9437964	chr5	9379935	9437964	exon	GBM classical
chr5:21491430|21501935	chr5	21491430	21501935	exon	GBM classical
chr5:70797389|70800578	chr5	70797389	70800578	exon	GBM classical
chr5:72185613|72189530	chr5	72185613	72189530	exon	GBM classical
chr5:77808827|77818040	chr5	77808827	77818040	intron	GBM classical
chr5:86539763|86543184	chr5	86539763	86543184	intergenic_region	GBM classical
chr5:111598191|111616020	chr5	111598191	111616020	exon	GBM classical
chr5:137756590|137759837	chr5	137756590	137759837	exon	GBM classical
chr5:151326200|151327356	chr5	151326200	151327356	intergenic_region	GBM classical
chr5:176696603|176715926	chr5	176696603	176715926	exon	GBM classical
chr5:179134133|179137066	chr5	179134133	179137066	exon	GBM classical
chr6:35842010|35858790	chr6	35842010	35858790	exon	GBM classical
chr6:76616162|76617229	chr6	76616162	76617229	intron	GBM classical
chr6:118801034|118845083	chr6	118801034	118845083	exon	GBM classical
chr6:118893322|118893966	chr6	118893322	118893966	intron	GBM classical
chr6:129843622|129879311	chr6	129843622	129879311	intergenic_region	GBM classical
chr6:151270167|151281551	chr6	151270167	151281551	exon	GBM classical
chr7:15405139|15433804	chr7	15405139	15433804	exon	GBM classical
chr7:26233252|26236047	chr7	26233252	26236047	exon	GBM classical
chr7:30005943|30008684	chr7	30005943	30008684	intron	GBM classical
chr7:55111134|55115366	chr7	55111134	55115366	intron	GBM classical
chr7:55224226|55225446	chr7	55224226	55225446	exon	GBM classical
chr7:72131933|72135276	chr7	72131933	72135276	intron	GBM classical
chr7:91974292|92000921	chr7	91974292	92000921	exon	GBM classical
chr7:94832977|94898019	chr7	94832977	94898019	exon	GBM classical
chr7:99042412|99045896	chr7	99042412	99045896	exon	GBM classical
chr7:140285389|140287580	chr7	140285389	140287580	exon	GBM classical
chr7:141174305|141174603	chr7	141174305	141174603	exon	GBM classical
chr8:8743322|8744572	chr8	8743322	8744572	intron	GBM classical
chr8:24919887|24927649	chr8	24919887	24927649	intergenic_region	GBM classical
chr8:95897295|95897786	chr8	95897295	95897786	exon	GBM classical
chr9:738285|740934	chr9	738285	740934	exon	GBM classical
chr9:14672828|14680160	chr9	14672828	14680160	exon	GBM classical
chr9:99129785|99130587	chr9	99129785	99130587	intron	GBM classical
chrX:32360217|32366645	chrX	32360217	32366645	exon	GBM classical
chrX:48797181|48798178	chrX	48797181	48798178	intron	GBM classical
chrX:67301543|67333081	chrX	67301543	67333081	intron	GBM classical
chrX:73045950|73051109	chrX	73045950	73051109	exon	GBM classical
chrX:73045950|73057338	chrX	73045950	73057338	exon	GBM classical
chrX:76932540|76934088	chrX	76932540	76934088	intron	GBM classical
